{
  "XGBoost": {
    "uncalibrated": {
      "accuracy": 0.6485978497857304,
      "auc": 0.7131085946711614,
      "brier": 0.2154599418948367,
      "log_loss": 0.6180779677444699,
      "ece": 0.026464076234777933
    },
    "calibrated": {
      "accuracy": 0.6479212089316593,
      "auc": 0.7132830158391017,
      "brier": 0.21543237543041574,
      "log_loss": 0.6180999837666155,
      "ece": 0.027143975259896803
    }
  },
  "LightGBM": {
    "uncalibrated": {
      "accuracy": 0.6479212089316593,
      "auc": 0.7145895749748752,
      "brier": 0.21495649614186751,
      "log_loss": 0.6167490315463657,
      "ece": 0.031136781896675462
    },
    "calibrated": {
      "accuracy": 0.6485978497857304,
      "auc": 0.7148727366454024,
      "brier": 0.2149564459751149,
      "log_loss": 0.6171653890430391,
      "ece": 0.03111163574644949
    }
  }
}