{
  "train_accuracy": 0.7018665062686792,
  "train_auc": 0.7788269181468388,
  "test_accuracy": 0.6492744906398015,
  "test_auc": 0.7114918780939721,
  "training_time": 611.8902060985565
}