{
  "train_accuracy": 0.7156820360519539,
  "train_auc": 0.7988778730405579,
  "test_accuracy": 0.6476956619803023,
  "test_auc": 0.7125600876345125,
  "training_time": 331.57155203819275
}